id;luogo_nascita;data_nascita;professione;partita_iva;datore_lavoro;indirizzo_datore_lavoro;numero_telefono_fisso;numero_telefono_cellulare;numero_telefono_altro;indirizzo_pec;cittadino_unione_europea;indirizzo_residenza;cap_residenza;comune_residenza;provincia_residenza;titolo_studio;titolo_studio_tipologia;titolo_studio_luogo;titolo_studio_anno;titolo_studio_voto;specializzazione_universitaria;iscrizione_albo_professionale;operatore_ambito_tecnico_professionale;esperienza_biennale;cv;note
1;mobile Fish;2019-09-12;Savings Account Dam;12730147948;Metal deposit;Producer;Implementation Electronics Officer;methodology Albania;Home Namibia;fQd8cS_LM1hNNA6SY[O^i.WBF6Sz_323a]9J+iXoEsa^6D4GAmFR9b4zNgaRD@aKRFCJHX1j9[`.]UE;false;Common;Savings Account syndicate Planner;Refined Rubber Chicken Table;Automotive;Planner cross-platform access;Public-key;infomediaries;Investment Account;Games Regional Digitized;true;true;false;false;sky blue Georgia;Facilitator
2;Views e-enable Communications;2019-09-12;archive Georgia Aruba;00373912294;Louisiana Specialist Home Loan Account;Plastic;Car Industrial deliverables;orange Books;magenta monitor 1080p;OLaSkDEVlU1k+]vaKo-Can2ukbvGMQyRow31S_7Jm-YaL_V\u.6D0_\62B7KWuntv76Ipd]U@IGEwqGXtWy2ULpy0OeHbxlp8-kZvj7Fbd0K[`MNPo7[kJ\m23q43geO0wPa]Us^K5OXfXN1[EYp6z.\px^\bz_M1qJJx6F9Hn8Rv.eoE;true;Investment Account archive Fantastic Plastic Chicken;payment;withdrawal COM;embrace Developer;synthesize Idaho compress;Sleek Metal Table Small;Intelligent Outdoors;Harbor Montana;Corporate Phased relationships;true;false;false;true;Money Market Account;Salad Web virtual
3;Refined Squares;2019-09-13;e-business;79318456222;Direct;Profit-focused;Jewelery cutting-edge;Games;Iraq Bedfordshire;_G61``re@v1CMq0`WZAUM3u9n7Zcz7WPPF]Wq[^WM-GwaVxGwXPwQF.cpKrV;false;Mauritania;facilitate Tasty Concrete Chips Exclusive;Buckinghamshire capability zero tolerance;mission-critical;Berkshire Small Plastic Pants Investor;Canadian Dollar;Berkshire Designer;Credit Card Account;navigate;false;false;true;true;Point Orchestrator;Solomon Islands Licensed
4;Gloves Bedfordshire Argentine Peso;2019-09-12;neural-net red;34166037800;Quality;synthesize Creative;Forint;Concrete Global SMS;Profound;EtFJevme^u@5Ic9L-H]iE7cToKvNwTLWHDCYyqajzhEzLJ^1Vw5a_JoofCPdfc[`7MjOA]9rrQG6x`fBUs5cDuAHcPDaM3.Yw;true;Equatorial Guinea Vision-oriented;Agent;Human deposit;even-keeled Saint Helena Pound;Internal AI optical;bypassing Marketing;Dynamic Home Loan Account Tools;Branding;Home Gloves Latvia;true;false;true;true;Fish;Networked
5;Fish;2019-09-12;program alarm;83905613761;Berkshire;dedicated Persevering;Coordinator Cambridgeshire Investor;cross-platform Borders;Libyan Dinar CSS;1]Wh3rgqd``08JK]S9YSzQ\3NJJB6SvKJehV_MfU1@x6RHRg7EnT.6yW8f`^IB4o2qKAtZseaSTxB4LE9fpa^QaqRfOmEAxb6Ico4h^RCbsKS.J\X]Wa;false;Shoes deposit;Representative;Response Human;back up Factors;architectures;Wisconsin Facilitator Incredible;reinvent;eco-centric Bedfordshire mesh;Configuration UIC-Franc;true;false;false;false;Zambian Kwacha intuitive;Bedfordshire
6;portal calculating Metal;2019-09-12;France protocol;95533039315;Sleek Beauty Auto Loan Account;deposit;extend Unbranded Fresh Pants Tools;Practical North Dakota;implementation;uKoWoa^b-Nqdmae0Uap6vTEMJztaWIw33n`OBV`CDVPVzn2lXVP_8q6Fh-^BeR4kgI+0cgLUwc0gtBydL34g@Q_w_EEU]vbHCV-w]ooZ3HXXv^Vs3-k0LRG9OWml9w]ICDfa3P8ac_NlL5QfnI[U4JDdM.ixSJ;false;Utah Computers Small Fresh Gloves;Brunei Darussalam interface;compress lavender Investment Account;backing up;Iran;Philippine Peso Metal;Strategist;card Licensed Cotton Ball;mindshare Gorgeous;false;false;true;false;infomediaries Som Rustic Frozen Keyboard;Enterprise-wide Benin
7;Tuna Response invoice;2019-09-12;payment e-markets system;30482181270;Cheese Steel;Wooden Ergonomic Steel Gloves;Developer Shoes Music;Buckinghamshire Hollow Shoes;withdrawal Generic Frozen Tuna;JZohq4lUJVJwev_RE3Mh_Lg9hEYL8wnH3kiOqu5olkjU6`+bf`]tQM^at27zJdD`2t@mhPr1Vsa09yJTt4Nw_hb3o\lSQ.DhulWv;true;payment Soap;Web;Outdoors New York Data;Jamaican Dollar North Carolina;Station;parsing Investment Account;Branding Dynamic black;yellow;Books Generic;true;false;false;true;generate;Garden open-source hybrid
8;Solomon Islands Dollar;2019-09-12;Accountability Handmade Cotton Bacon;46601697727;Wyoming interface Cotton;quantify;JSON Texas;bandwidth;application Configurable iterate;m[w3VJdtH@V-M.Uup`;false;Direct;Small Frozen Salad bypassing;time-frame Quality;Borders Borders Practical;methodical;Pakistan;parse;neural Wooden Optimization;Tasty Rubber Car mindshare EXE;false;true;false;true;Syrian Pound;Auto Loan Account Refined Practical
9;Centralized revolutionize International;2019-09-13;Avon;41889745909;PCI SAS;Interactions;Pennsylvania dynamic bandwidth;navigate Oklahoma;Triple-buffered array;VBxM.UBK53f4E4RN]PzT1q372@4Wwy[d47MdJ9uObnSmSH^rHj_r.nc.YGT`jQ;false;Handmade Wooden Cheese Fresh;input Naira;Markets;Glen Refined;Mandatory Assistant;Strategist;Incredible Fresh Car Tuvalu;Senior Optional Yemeni Rial;Central African Republic;true;false;true;false;Orchestrator Naira;Legacy Unbranded Plastic Chips
10;Unbranded Cotton Table Generic B2B;2019-09-13;withdrawal;14352949419;holistic;Architect;Beauty dynamic schemas;Pound Sterling Keyboard;Licensed Usability models;t3hbx9WG_SyHO^CVumpHq0LeY`]bcWkFwm]HAFp]3b7g9UqP4MTL-oE@SOl9m40IHdKCv6unE4r2UKE.bzHFJo;true;EXE Rustic Steel Shirt drive;Ways Liaison engage;disintermediate Assistant generating;Practical Steel Shirt Plastic Movies;SMS;Zimbabwe parse Customer;input Accounts;enhance Multi-channelled purple;Response;true;false;false;true;calculate Fantastic Concrete Computer Baby;Kyrgyz Republic transmit
